ROW,LAYER,BEAT 1,BEAT 2,BEAT 3,BEAT 4,BEAT 5,BEAT 6,BEAT 7,BEAT 8,BEAT 9,BEAT 10,BEAT 11,BEAT 12,BEAT 13,BEAT 14,BEAT 15,BEAT 16,BEAT 17,BEAT 18,BEAT 19,BEAT 20
A,SPEAKER,STAGE DIRECTION,STAGE DIRECTION,STAGE DIRECTION,STAGE DIRECTION,STAGE DIRECTION,STAGE DIRECTION,STAGE DIRECTION,LINDA,WILLY,WILLY,LINDA,LINDA,LINDA,WILLY,LINDA,WILLY,WILLY,LINDA,WILLY,WILLY
B,SENTENCE,"""A melody is heard, played upon a flute.""","""It is small and fine, telling of grass and trees and the horizon.""","""The curtain rises.""","""Before us is the Salesman’s house.""","""We are aware of towering, angular shapes behind it, surrounding it on all sides.""","""Willy Loman, the Salesman, enters, carrying two large sample cases.""","""He hears but is not aware of it.""","""Willy!""","""It's all right.""","""I came back.""","""Why?""","""What happened?""","""Did something happen, Willy?""","""No, nothing happened.""","""You didn't smash the car, did you?""","""I said nothing happened.""","""Didn't you hear me?""","""Don't you feel well?""","""I'm tired to the death.""","""I couldn't make it."""
C,GTTM (THEORY),The Ursatz. Monophonic texture. Establishes the Tonic (I) (D Major). Pure consonance.,Motivic Prolongation. Extends the Tonic time-span. Pastoral Rhythm (Free Meter).,Visual Downbeat. The visual reveal acts as t=0 for the narrative clock.,"Harmonic Setting. Establishes the ""Key"" of the scene. Fragile structure (String Quartet).","Polyphonic Dissonance. ""Angular"" shapes introduce conflicting key (Bitonality). ""Sharp"" rhythm.",The Crash. Hypermetric Downbeat. Modulation to Dim7.,Metrical Dissonance. Flute vs. Thud. Polyrhythm.,The Call. Dominant Preparation (V). Sharp interjection.,Deceptive Cadence. Resolution to False Tonic (vi). Suspended resolution.,"Reiteration. Repetition of Tonic. Attempt to establish ""Home Key.""",The Discord. Non-chord tone. High tension.,Acceleration. Density increases. Time-span shortens.,Rising Sequence. Chromatic ascent. Demands resolution.,The Rest (Void). Sudden silence where beat should be.,Specific Dissonance. Tritone interval (The Fear).,Fortissimo. Dynamic spike. Reiteration of False Tonic.,Sforzando. Sharp attack. Rhythmic dislocation.,Modulation (Minor). Shift to B Minor. Softening texture.,Glissando. Descending pitch. Total tonal collapse.,Ostinato. Repetitive loop. Static rhythm.
D,TOPOLOGY,Open Manifold. No cuts. Subject ($$) not yet divided. Imaginary wholeness.,"Pre-Symbolic. ""Grass and trees"" = The Real before language slices it.",The Frame. Curtain establishes boundary of the Phantasm (⋄a).,The Locus. House is the Ego-Ideal (I(A)). Container for the subject.,The Big Other (A). City represents the crushing weight of the Law.,Catastrophe. Real (R) punctures Imaginary. S1​ fails to hold Drive.,Split Subject ($$). Division between Perception and Consciousness.,Interpellation. She names the subject to anchor him.,Negation (¬). Willy asserts A=A (Identity) over Void.,"The Return. Vector attempts to close circle, but trajectory is broken.",Hysteric's Question. $ interrogates S1​. Cuts wholeness.,"Demand for Cause (a). Demands ""Object"" behind failure.",Iteration. Repeated demand for Truth (S2​) from Master.,"Foreclosure. Naming the trauma ""Nothing"" (∅).","Naming the Real. ""Car"" = The Body/Drive. Specific trauma named.","Master Signifier (S1​). Imposition of Law (""I said"").",Demand for Recognition. S1​ demands acknowledgement from Other.,Imaginary Shift. Shift to Body/Health. Evading the Real.,"Death Drive. Vector points to ""Bad Infinite.""",Limit Cycle. Trajectory circles the Hole (a).
E,GNN STATE,State: IDLEzt​: 0.0 (Fluid)Entropy: ≈0,State: GENERATIVEMemory: Nostalgia.Bias: Positive.,"State: INITGraph: Nodes Stage, Audience.",State: CREATE_NODEEntity: HouseAttr: Fragile,State: PRESSUREInput: City_VectorLoss: Increasing.,State: FAILUREInput: Loadzt​: 1.0 (Freeze).,State: DISSOCIATIONrt​: 0.0 (Repression).,State: INTERRUPTSource: vL​Type: Alert,State: MASKINGOutput: Status_OK,State: LOOP_FAILPath: vYonkers​→vHome​,State: ADVERSARIALInput: Query,State: DEEP_SEARCHTarget: Event_Log,State: PROBELayer: Hidden,State: NULL_SETrt​: 0.0 (Block).,State: FEATURE_EXTRACTTag: Crash,State: FORCE_WRITEzt​: 1.0 (Rigid).,State: FEEDBACK_REQCheck: Link_Status,State: DIAGNOSTICMode: Bio,State: ENERGY_LOWBattery: 0%,State: INFINITE_LOOPError: Stack_Overflow
F,EXPLANATION,"System initializes. ""Flute"" is reference signal for ""Peace.""",Processing semantic embeddings of nature. No conflict.,Simulation window opens. Observer integrated.,Central node House instantiated. Low structural integrity.,GNN detects environmental stressors. House surrounded by Threat nodes.,"vW​ crashes. ""Cases"" exceed processing capacity.","Agent filters ""Consciousness"" to focus on Survival.",Linda attempts Reboot by calling Node ID.,"Willy overrides error. ""All right"" is a lie carried as Tech Debt.","Claims loop completion, but GPS trace shows failure.",Query acts as probe finding fault line.,Pressing for Hidden State.,Third attempt to penetrate firewall.,Node drops connection. Creates hole in graph.,Linda guesses the input vector (Car_Crash).,Agent attempts to overwrite Adversarial Input with Command.,Agent checks if Output reached Regulator.,"Regulator shifts domain to ""Health"" to preserve bond.",Energy depletion (E→0). Defense fails.,Logic loop. System cannot compute next step.
G,NOTATION,Tr: D5 (Sustain),Tr: F#5-A5-D6,Tr: (Crescendo),Tr: (Chord I),Tr: (Cluster C#-D),Bs: >C#2_dim7,Tr: (Flute fades),Tr: >A5! (Staccato),Tr: F#4 (Suspension),Tr: D4-D4 (Monotone),Tr: G#4?,Tr: A4-B4?,Tr: C5-C#5?,Bs: (Silence),Tr: Eb5-A4 (Tritone),Bs: D3! (Accent),Bs: A2!,Tr: B4-D5 (Minor),Bs: C2 \ (Slide),Bs: C2-F#2-C2
J,PSYCH,ENV: Openness,ENV: Openness,CTX: Conscientiousness,CTX: Safety (Low N),ENV: Dark Factor (D),W: High Neuroticism,W: Low Openness,L: Agreeableness,W: Conscientiousness (Mask),W: Low Plasticity,L: High C (Analysis),L: High N (Anxiety),L: Low Plasticity,W: Low Openness (Denial),L: Catastrophizing,W: Dominance (D),W: Aggression,L: Agreeableness,W: Depressive (High N),W: Failure of C
,,,,,,,,,,,,,,,,,,,,,
,,,,,,,,,,,,,,,,,,,,,
,,,,,,,,,,,,,,,,,,,,,
Symbol,Definition,Musical Equivalent,Psychological Equivalent,,,,,,,,,,,,,,,,,,
Tr / Bs,Treble / Bass,The Clefs (High / Low registers).,Tr: Conscious Thought / Bs: Unconscious Drive.,,,,,,,,,,,,,,,,,,
"A4, C#5, D2",Scientific Pitch,Note Name + Octave Number. (C4 is Middle C).,"The specific frequency of the ""Signifier.""",,,,,,,,,,,,,,,,,,
--,Sustain / Legato,Holding the note smoothly.,Continuity: The Ego maintaining a smooth surface.,,,,,,,,,,,,,,,,,,
..,Tremolo / Staccato,"Rapid repetition or short, detached notes.",Anxiety: High-frequency oscillation / Nervousness.,,,,,,,,,,,,,,,,,,
>,Accent,Play the note louder/harder.,Trauma: A sudden spike in force (The Real).,,,,,,,,,,,,,,,,,,
sfz,Sforzando,Suddenly forced/loud attack.,Rupture: A violent break in the flow.,,,,,,,,,,,,,,,,,,
_dim7,Chord Quality,Diminished 7th Chord (Stacked minor 3rds).,Ambiguity: Total lack of tonal center (Horror/Confusion).,,,,,,,,,,,,,,,,,,
\ or /,Glissando,Sliding pitch down or up.,Collapse: The ego losing its grip on the structure.,,,,,,,,,,,,,,,,,,
(Tacet),Silence,The instrument does not play.,Repression: The voice is silenced or absent.,,,,,,,,,,,,,,,,,,